0	100monkeystyping.com	0
1	12thharmonic.com/wordpress	0
2	40ozblog.blogspot.com	0
3	4lina.tblog.com	0
4	750volts.blogspot.com	0
5	95theses.blogspot.com	0
6	abbadabbaduo.blogspot.com	0
7	aboutpolitics.blogspot.com	0
8	achingandspinning.blogspot.com	0
9	ackackack.com	0
10	adamtalib.blogspot.com	0
11	adviceforlefty.blogspot.com	0
12	agonist.org	0
13	aintnobaddude.com	0
14	ajbenjaminjr.blogspot.com	0
15	alicublog.blogspot.com	0
16	allanjenkins.typepad.com	0
17	allspinzone.blogspot.com	0
18	alphapredator.com/wdtgw.htm	0
19	alternateworlds.blogspot.com	0
20	althippo.blogspot.com	0
21	alvintostig.typepad.com	0
22	americablog.blogspot.com	0
23	americablog.org	0
24	americandreamslost.blogspot.com	0
25	americanmuslim.blogs.com	0
26	americanpolitics.com	0
27	americansforbayh.blogspot.com	0
28	amleft.blogspot.com	0
29	amliberal.com/blog	0
30	amptoons.com/blog	0
31	anarchyxero.robfindlay.org	0
32	andifeelfine.blogspot.com	0
33	andymatic.com	0
34	angrybear.blogspot.com	0
35	angrydesi.typepad.com	0
36	angryfinger.org	0
37	angryhomo.blogspot.com	0
38	annatopia.com/home.html	0
39	anoldsoul.blogspot.com	0
40	anonymoussources.blogspot.com	0
41	answerguy.blogspot.com	0
42	anybodybutbushyall.blogspot.com	0
43	anywhichway.net	0
44	arancaytar.blogspot.com	0
45	archpundit.com	0
46	arkansastonight.com	0
47	asian-nation.org/headlines/index.php	0
48	asiegeofherons.blogspot.com	0
49	asilentrevolution.blogspot.com	0
50	askhoudari.blogspot.com	0
51	astroturf.uni.cc	0
52	atease.blogspot.com	0
53	atomicairship.com	0
54	atrios.blogspot.com	0
55	"atrios.blogspot.com/ "	0
56	aurelientt.blogspot.com	0
57	awards5.tripod.com/tarasblog	0
58	b-patton.blogspot.com	0
59	babylon.squarespace.com	0
60	badattitudes.com/mt	0
61	bakshi.us/redskunk	0
62	barcidhomily.com	0
63	barkingdingo.blogspot.com	0
64	bartcop.com	0
65	battleground-wisconsin.blogspot.com	0
66	battlegroundstates.blogspot.com	0
67	beastsbelly.blogspot.com	0
68	bentcorner.blogspot.com	0
69	bettyblog.com	0
70	bigbloosky.blogspot.com	0
71	billmon.org	0
72	billsrants.blogspot.com	0
73	blackwingleftbird.blogspot.com	0
74	blog.dccc.org	0
75	blog.dennisfox.net	0
76	blog.glinka.com	0
77	blog.johnkerry.com	0
78	blog.kenlan.net	0
79	blog.mintruth.com	0
80	blog.veggiedude.com	0
81	blog01.kintera.com/dnccblog	0
82	blog01.kintera.com/emilysblog	0
83	bloganonymous.com	0
84	blogforamerica.com	0
85	blogforarizona.com	0
86	blogfreeordie.blogspot.com	0
87	blogitics.com	0
88	blogs.salon.com/0002874	0
89	blogs.salon.com/0003364	0
90	blogs.salon.com/0004024	0
91	blogslut.com	0
92	blosteam.blogspot.com	0
93	blotts.org/polilog	0
94	bluegrassroots.blogspot.com	0
95	bluelemur.com	0
96	blueoregon.com	0
97	bluestateredstate.blogspot.com	0
98	bodyandsoul.typepad.com	0
99	boffo.typepad.com	0
100	boloboffin.blogspot.com	0
101	bopnews.com	0
102	boston.com/news/blogs/dnc	0
103	bowles2004.com/weblog	0
104	boycottsbg.com	0
105	bradcarson.com/blog	0
106	bradfriedman.com/bradblog	0
107	brianhull.net	0
108	brilliantatbreakfast.blogspot.com	0
109	browncross.com/usualsuspects	0
110	"brunon.blogspot.com "	0
111	bryan08.tk	0
112	btcnews.com/btcnews	0
113	bullmooseblog.com	0
114	burntorangereport.com	0
115	bushlies.net/pages/10/index.htm	0
116	bushmisunderestimated.blogspot.com	0
117	busybusybusy.com	0
118	buzzmachine.com	0
119	cadat.nl	0
120	carpetblogger.com	0
121	catchingsmoke.blogspot.com	0
122	cbaker.org/blog	0
123	cemonitor.blogspot.com	0
124	centerpiece.blogspot.com	0
125	chak.org/blog	0
126	changeforamerica.com/blog	0
127	charleypatton.blogspot.com	0
128	charlineandjamie.com/dotnetweb01a/blogdisplay.aspx?logname=jamie&#38;logcatid=48	0
129	chepooka.com	0
130	chestnut_tree.blogspot.com	0
131	chiron.typepad.com	0
132	churchofcriticalthinking.com	0
133	civicactions.com	0
134	cjh9999.blog-city.com	0
135	clarified.blogspot.com	0
136	claudialong.com/blog	0
137	cleancutkid.com	0
138	cnle.net	0
139	collegedems.com/blog	0
140	conniptions.net	0
141	conservativessuck.blogspot.com	0
142	contrapositive.blogspot.com	0
143	corrente.blogspot.com	0
144	counterspin.blogspot.com	0
145	courtney5.us/drew	0
146	crankylittleblog.blogspot.com	0
147	crapiscommon.blogspot.com	0
148	criticalviewer.com	0
149	crookedtimber.org	0
150	crooksandliars.com	0
151	dailyblatt.blogspot.com	0
152	dailyblurb.blogspot.com	0
153	dailyhowler.com	0
154	dailykos.com	0
155	dailywarnews.blogspot.com	0
156	damntheman.net	0
157	dashnier.blogspot.com	0
158	davidsirota.com	0
159	dawnofnewamerica.blogspot.com	0
160	deanocrats.com	0
161	deathpenaltyusa.blogspot.com	0
162	debunker.net	0
163	decksitters.my-expressions.com	0
164	dedspace.blogspot.com	0
165	delraysteve.com/blog	0
166	demagogue.blogspot.com	0
167	demleft.blogspot.com	0
168	democrants.blogspot.com	0
169	democraticunderground.com	0
170	democratreport.blogspot.com	0
171	democrats.org/blog	0
172	democratvoice.org	0
173	demoliberal.blogspot.com	0
174	dems2000.net	0
175	dems2004.com/blog	0
176	dems2004.org/blog	0
177	denisdekat.com	0
178	dewar.journalspace.com	0
179	digbysblog.blogspot.com	0
180	digestiblenews.blogspot.com	0
181	digital-democrat.blogspot.com	0
182	digitaldissent.blogspot.com	0
183	digitaljay.blogspot.com	0
184	dimmykarras.blogspot.com	0
185	dir.salon.com/topics/joe_conason/index.html	0
186	discourse.net	0
187	diypolitics.blogdrive.com	0
188	dneiwert.blogspot.com	0
189	dogfight04.typepad.com	0
190	dohiyimir.typepad.com	0
191	dolphinsdock.com/blog	0
192	donkey2004.blogspot.com	0
193	donspoliticalblog.blogspot.com	0
194	doublespeakez.blogspot.com	0
195	doubter.blogspot.com	0
196	drugwarmovie.com/drugwarmovie/weblog/blogger.html	0
197	duckdaotsu.blogspot.com	0
198	dygital.blogspot.com	0
199	dystopia.blog-city.com	0
200	eastbaykerry.com	0
201	elayneriggs.blogspot.com	0
202	elderbearden.blogspot.com	0
203	electablog.com	0
204	elemming2.blogspot.com	0
205	elfoflight.blogspot.com	0
206	elissa.typepad.com	0
207	eltcamerica.blogspot.com	0
208	emergingdemocraticmajority.com	0
209	emergingdemocraticmajorityweblog.com/donkeyrising	0
210	emptyisform.com	0
211	endthenightmare.blogspot.com	0
212	enemykombatant.blogspot.com	0
213	enlightenedbelle.blogspot.com	0
214	ergio.blogspot.com	0
215	estropundit.blogspot.com	0
216	etherealgirl.blogspot.com	0
217	fafblog.blogspot.com	0
218	fairshot.org	0
219	farleft.blogspot.com	0
220	fidlet.com	0
221	fiercepoet.com	0
222	flagrancy.net	0
223	folkbum.blogspot.com	0
224	forewarned.blogspot.com	0
225	freakinliberals.com/blog_a	0
226	frederickclarkson.com	0
227	freedompress.blogspot.com	0
228	fromtheroots.org	0
229	fuckthisblog.blogspot.com	0
230	futuraworkz.com	0
231	gabeanderson.com/life	0
232	gadflyer.com	0
233	gaijincory.com	0
234	garbage-house.com	0
235	garrulus.ilcannocchiale.it	0
236	georgewbuy.blogspot.com	0
237	gisleson.com/blog	0
238	global-equality.org/news/blog/index.shtml	0
239	gloomanddoom.blogspot.com	0
240	goose3five.blogspot.com	0
241	gotzfamily.org/weblog	0
242	grassrootsmom.blogspot.com	0
243	grassrootsnation.com	0
244	greaterdemocracy.org	0
245	greendogdemocrat.blogspot.com	0
246	greentit.com	0
247	gregpalast.com	0
248	grupo-utopia.com/blog/isou	0
249	hal9000report.blogdrive.com	0
250	halcyondays.info	0
251	hategun.com	0
252	hellafaded.blogspot.com	0
253	hellofromparis.blogspot.com	0
254	hellskitchennyc.blogspot.com	0
255	hereswhatsleft.typepad.com	0
256	hereswhatsleft.typepad.com/home	0
257	heysucka.blogspot.com	0
258	higherpieproductions.com	0
259	hoeffelforsenate.com/blog	0
260	home.att.net/~dbarnhill	0
261	home.att.net/~gentle.reader	0
262	home.earthlink.net/~cdowner	0
263	home.earthlink.net/~fsrhine	0
264	home.earthlink.net/~heavy-duty	0
265	home.earthlink.net/~juris_doctor_szh	0
266	home.earthlink.net/~kevin.omeara	0
267	home.houston.rr.com/skeptical	0
268	homepage.mac.com/elisa_camahort/iblog	0
269	homepage.mac.com/georgia.nesmith/iblog/index.html	0
270	homepage.mac.com/jpbarr/myblog	0
271	hotflashesfromthecampaigntrail.blogspot.com	0
272	hotflashreport.com	0
273	howienfriends.blogspot.com	0
274	hugozoom.blogspot.com	0
275	ibe.blogspot.com	0
276	ibrutus.com	0
277	iddybud.blogspot.com	0
278	idiosyncratictendencies.com	0
279	idlehandsmag.com/yellowdog04	0
280	iflipflop.com	0
281	ignatz.blogspot.com	0
282	ihatepatrobertson.com	0
283	ilovecynics.com	0
284	in-sub-ordination.blogspot.com	0
285	inez2004.com/blogs	0
286	insanepreschoolmom.blogspot.com	0
287	interestingtimes.blogspot.com	0
288	interestingtimes.typepad.com	0
289	ironmouth.com	0
290	irregulartimes.com/blogger.html	0
291	islanddave.blogspot.com	0
292	itlookslikethis.blogeasy.com	0
293	itsabitmuch.blogspot.com	0
294	ivotedforgeorge.com	0
295	iwantmycountryback.org	0
296	j-bradford-delong.net/movable_type	0
297	jadbury.com	0
298	jadbury.com/blog	0
299	jadedreality.blogspot.com	0
300	jameswolcott.com	0
301	jamiefeyrer.com	0
302	janm.blogspot.com	0
303	jason.unitedworkers.org	0
304	jbcougar.blogspot.com	0
305	jcchurch.blogspot.com	0
306	jdeeth.blogspot.com	0
307	jeremybrendan.blogspot.com	0
308	jetage.blogspot.com	0
309	jewssansfrontieres.blogspot.com	0
310	jimgilliam.com	0
311	jimtreacher.com	0
312	jinkythecat.blogspot.com	0
313	jmbzine.com	0
314	joebrent.blogspot.com	0
315	john.hoke.org	0
316	johnmccrory.com	0
317	johnnynobody.blogspot.com	0
318	jointhecrowd.blogspot.com	0
319	jospehsmind.blogspot.com	0
320	journals.aol.com/breuvers/madashellnotgoingtotakeitanymore	0
321	jpandre.blogspot.com	0
322	juancole.com	0
323	juandejesus.50megs.com/juancomments.html	0
324	julietterossant.com/superchefblog/superchefblog.html	0
325	juliusblog.blogspot.com	0
326	justmark.com	0
327	karlhenderson.blogspot.com	0
328	karmicsoup.blogspot.com	0
329	katyggls.blogspot.com	0
330	kcdems.blogspot.com	0
331	kensain.com	0
332	kerryforpresident2008.blogspot.com	0
333	kerrytalkingpoints.blogspot.com	0
334	kicktheleftist.blogspot.com	0
335	kiersten.connersax.com	0
336	kiosan.blogharbor.com	0
337	kippsblog.com	0
338	kristyandotherwise.blogspot.com	0
339	kurtkk.blogspot.com	0
340	kydem.blogspot.com	0
341	labandadelbuko.ilcannocchiale.it	0
342	lagernik.blogspot.com	0
343	lastdaysoftherepublic.fatoprofugus.net	0
344	lawdork.blogspot.com	0
345	laylasblog.com	0
346	leanleft.com	0
347	leavethematrix.blogspot.com	0
348	left2right.typepad.com	0
349	lefterer.com	0
350	lefti.blogspot.com	0
351	leftinthereign.blogspot.com	0
352	leftthought.blogspot.com	0
353	lefttimes.com	0
354	leftwingnation.com	0
355	lendmesomesugar.blogs.com/shut_up_already	0
356	lennonreport.blogspot.com	0
357	leonards-digest.blogspot.com	0
358	lettherebepeace.blogspot.com	0
359	liberalangst.org	0
360	liberalavenger.com	0
361	liberaleric.blogspot.com	0
362	liberaloasis.com	0
363	liberalreview.blogspot.com	0
364	liberalthunderdome.blogspot.com	0
365	liberationlearning.blogspot.com	0
366	lightupthedarkness.org	0
367	lightupthedarkness.org/blog/default.asp	0
368	limecoconut.blogspot.com	0
369	limericksavant.blogspot.com	0
370	liquidlist.com	0
371	literarybargainville.net	0
372	livejournal.com/users/hoptkov	0
373	livejournal.com/users/jmhm	0
374	livejournal.com/~dailyapple	0
375	livejournal.com/~ladywriter_mts	0
376	loadedmouth.com	0
377	lorenjavier.blogspot.com	0
378	loud-liberal.blogspot.com	0
379	loveamericahatebush.com	0
380	lowrentrat.blogdrive.com	0
381	ltobs.blogspot.com	0
382	ludis.blogspot.com	0
383	ludovicspeaks.typepad.com	0
384	ludovicspeaks.typepad.com/real_deal	0
385	madamepresident2020.blogspot.com	0
386	madkane.com/notable.html	0
387	maggiespants.co.uk	0
388	mahablog.com	0
389	marcbrazeau.blogspot.com	0
390	margaretcho.com/blog/blog.htm	0
391	margieburns.com	0
392	markadams.blogdrive.com	0
393	markarkleiman.com	0
394	markch.blogspot.com	0
395	markschmitt.typepad.com/decembrist	0
396	markwarnerforpresident2008.blogspot.com	0
397	martadonayre.com	0
398	maruthecrankpot.blogspot.com	0
399	massachusetts-liberal.com	0
400	mathewgross.com	0
401	mathewgross.com/blog	0
402	matthewyglesias.com	0
403	maultasch.us	0
404	maxspeak.org/mt	0
405	mayflowerhill.blogspot.com	0
406	mcwil.blogspot.com	0
407	meanspirit.blogspot.com	0
408	meateatingleftist.com	0
409	mediajunkie.com/edgewise	0
410	mediaprima.com/nv1962	0
411	members.aol.com/ourprez08	0
412	members.cox.net/aaronjohn	0
413	messengerpuppet.com/blog	0
414	metropol47.blogspot.com	0
415	michael124.blogspot.com	0
416	michaelberube.com	0
417	michaelphillips.blogspot.com	0
418	mickikrimmel.com/redcarpet	0
419	midguard.blogspot.com	0
420	minagahet.blogspot.com	0
421	mirocat.com	0
422	miss-sassafras.com	0
423	misschin.bloggage.com	0
424	missourikid.blog-city.com	0
425	mixtersmix.blogspot.com	0
426	montages.blogspot.com	0
427	moxiegrrrl.com	0
428	mrleft.org	0
429	mrstevebeers.blogspot.com	0
430	msnbc.msn.com/id/3449870	0
431	mstabile.blogspot.com	0
432	multitudes.typepad.com	0
433	mydd.com	0
434	myducksoup.com/blog/bloglib/bloglib.shtml	0
435	myleftbrain.com	0
436	myleftthoughts.blogspot.com	0
437	mysterypollster.com/main	0
438	nastyboys.blogspot.com	0
439	nathancallahan.com	0
440	nathannewman.org/log	0
441	nationalreview.com/frum/frum-diary.asp	0
442	ndnblog.org	0
443	nearouterheaven.blogspot.com	0
444	nebursworld.blogspot.com	0
445	needlenose.com	0
446	nephandus.com/blog.php	0
447	nerofiddled.blogspot.com	0
448	netpolitik.blogspot.com	0
449	netweed.com/postmodernanarchist	0
450	newappeal.blogspot.com	0
451	newdemocrat.blogdrive.com	0
452	newdonkey.com	0
453	newleftblogs.blogspot.com	0
454	news-opinion.blog-city.com	0
455	newstrolls.com	0
456	nftl.blogspot.com	0
457	niagarabuzz.com	0
458	nickgerman.blogspot.com	0
459	nielsenhayden.com/electrolite	0
460	nielsenhayden.com/makinglight	0
461	njfordemocracy.org	0
462	njn-blogogram.blogspot.com	0
463	njsoccermom.blogspot.com	0
464	node707.com	0
465	nofearoffreedom.blogspot.com	0
466	nomoremister.blogspot.com	0
467	norbizness.com	0
468	noseyonline.com	0
469	nosmallplans.com/rants	0
470	notbush.com	0
471	notgeniuses.com	0
472	nuntius.blogspot.com	0
473	nycitystoop.com	0
474	obamablog.com	0
475	obrien4.net/probitus	0
476	obsidianwings.blogs.com	0
477	ocd-gx-liberal.blogspot.com	0
478	oddhours.blogspot.com	0
479	offthekuff.com/mt	0
480	oipp.blogspot.com	0
481	oliphantparts.org/blog	0
482	oliverwillis.com	0
483	one38.org	0
484	onetrueblog.com	0
485	onhappiness.crimsonblog.com	0
486	openeyesmemo.com	0
487	orient-lodge.com	0
488	ospolitics.org	0
489	oxblog.blogspot.com	0
490	pacdaily.com	0
491	pacificviews.org	0
492	pandagon.net	0
493	parabasis.typepad.com	0
494	patriotboy.blogspot.com	0
495	pattymurray.com/blog.php	0
496	paulchasman.com	0
497	peacegarden.blogspot.com	0
498	penheaded.blogspot.com	0
499	pennywit.com/drupal	0
500	permanentred.com	0
501	peskytherat.com/pesky	0
502	phillybri.blogspot.com	0
503	philoponia.blogspot.com	0
504	philosophers-stone.blogspot.com	0
505	philvbblog.blogspot.com	0
506	phoblographer.com	0
507	pinkofeministhellcat.typepad.com/pinko_feminist_hellcat	0
508	planetdave.com/blogs.php3?mid=1	0
509	politicalinsanity.com	0
510	politicalmonitor.us/blog	0
511	politicalstrategy.org	0
512	politicalthought.net	0
513	politicalwire.com	0
514	politics.feedster.com	0
515	politicswithrichard.blogspot.com	0
516	polizeros.com	0
517	pollsterseek.blogspot.com	0
518	polstate.com	0
519	popstalin.com/news	0
520	portapulpit.com	0
521	posptect.org/weblog	0
522	praguewriter.typepad.com	0
523	presidentboxer.blogspot.com	0
524	prestoncaldwellblog.blogspot.com	0
525	probitus.obrien4.net	0
526	profgoose.blogspot.com	0
527	progressivecyclone.blogspot.com	0
528	progressivedialogue.com	0
529	progressiveink.com	0
530	progressiveink.com/bloggers.php	0
531	progressivesociety.com/blog	0
532	progressivetrail.org/blog.shtml	0
533	proponentofreason.blogspot.com	0
534	prospect.org/weblog	0
535	pudentilla.blogspot.com	0
536	punditician.blogspot.com	0
537	purplestates.blogspot.com	0
538	qando.net	0
539	question-dean.blogspot.com	0
540	radgeek.com	0
541	radikal_papi.pitas.com	0
542	radio.weblogs.com/0131587/categories/flush	0
543	raedinthemiddle.blogspot.com	0
544	randz.net	0
545	rantingred.blogspot.com	0
546	reachm.com/amstreet	0
547	readingpost.com	0
548	realitybasednation.com	0
549	red-harvest.blogspot.com	0
550	religiousleft.blogspot.com	0
551	republicansbite.com	0
552	republicoft.typepad.com	0
553	resistoppression.blogspot.com	0
554	restoreamerica.blogspot.com	0
555	retrogrouch.net	0
556	revoltnow-us.blogspot.com	0
557	reynardfox.com	0
558	rhetoricrhythm.blogspot.com	0
559	righthandthief.blogspot.com	0
560	rising-hegemon.blogspot.com	0
561	risinghegemon.blogspot.com	0
562	rittenhouse.blogspot.com	0
563	riverbendblog.blogspot.com	0
564	rkook.blogspot.com	0
565	roadtosurfdom.com	0
566	robot-invasion.com	0
567	robschumacher.blogspot.com	0
568	rockthrower.blogs.com/rockthrower	0
569	rogerailes.blogspot.com	0
570	roil.blogspot.com	0
571	rooksrant.com	0
572	rowhouselogic.com	0
573	roxanne.typepad.com	0
574	rudepundit.blogspot.com	0
575	rudyforfreeholder.org	0
576	ruminatethis.com	0
577	s88172659.onlinehome.us/spockosbrain.html	0
578	sadlyno.com	0
579	saveoursenate.blogspot.com	0
580	savetheus.blogspot.com	0
581	saxa.blogspot.com	0
582	sccdp.org/blog.php	0
583	schadelmann.com	0
584	scoobiedavis.blogspot.com	0
585	scott-niven.com/saltwaterpizza	0
586	scottcsmith.net	0
587	scripting.com	0
588	scrutinyhooligans.blogspot.com	0
589	seeingtheforest.com	0
590	seetheforest.blogspot.com	0
591	senatorbarb.typepad.com	0
592	senorpez.com	0
593	sequiturnon.blog-city.com	0
594	sethdmichaels.com	0
595	shakespearessister.blogspot.com	0
596	shamelessantagonist.blogspot.com	0
597	sharedthought.com/weblog	0
598	shetquaker.blog-city.com	0
599	shininglight.us	0
600	shoegal.modblog.com	0
601	shotofpolitics.blogspot.com	0
602	shrillblog.blogspot.com	0
603	simbaud.blogspot.com	0
604	simplyappalling.blogspot.com	0
605	skipperstyle.com	0
606	small-hands.blogspot.com	0
607	smearbody.blogspot.com	0
608	smirkingchimp.com	0
609	smithersmpls.com	0
610	snooty.binaryclub.com/wp-rdf.php	0
611	snunes.blogspot.com	0
612	someonetakethewheel.blogspot.com	0
613	soonerthought.com	0
614	southknoxbubba.net/skblog	0
615	spacedog26.blogspot.com	0
616	spectatorsport.blogspot.com	0
617	stagefour.typepad.com/commonprejudice	0
618	stalinism.com/shot-by-both-sides	0
619	stcfoundation.blogspot.com	0
620	stephenbates.com/yellowdoggereldemocrat	0
621	stevecopy.blogharbor.com	0
622	stevegilliard.blogspot.com	0
623	steveguy.me.uk	0
624	stevemacek.blogspot.com	0
625	stillfighting.blogspot.com	0
626	stirs-the-pot.blogspot.com	0
627	stitt.blogspot.com	0
628	stonyfield.com/weblog/bovinebugle/index.html	0
629	stonyfield.com/weblog/strongwomendailynews/index.html	0
630	strangedoctrines.typepad.com	0
631	strangesemantics.blogspot.com	0
632	stzman.org/blog	0
633	suburbanguerrilla.blogspot.com	0
634	swamiuptown.com	0
635	swingleft.blogspot.com	0
636	swingstateproject.com	0
637	takeaction.blog-city.com	0
638	takeactionmichigan.blog-city.com	0
639	takebackthemedia.com	0
640	talkingpointsmemo.com	0
641	talkleft.com	0
642	tallone.org	0
643	tbogg.blogspot.com	0
644	teenageenthusiast.blogspot.com	0
645	tesibria.typepad.com/democracy_is_coming	0
646	thatcoloredfellasweblog.bloghorn.com	0
647	thatgoodnight.com	0
648	the-goddess.org	0
649	the-hamster.com	0
650	theaggpro.blogspot.com	0
651	theagitator.blogspot.com	0
652	theangryliberal.blogspot.com	0
653	theantibush.org	0
654	theapologist.blogspot.com	0
655	thebarrexam.blogspot.com	0
656	theblogwarrior.blogspot.com	0
657	thebluestate.com	0
658	theblueview.blogspot.com	0
659	thecarpetbaggerreport.com	0
660	thecore4.com	0
661	thefulcrum.blogspot.com	0
662	theimmoralminority.blogspot.com	0
663	theleftcoaster.com	0
664	thelefthand.blogspot.com	0
665	thelonedem.com	0
666	thelucideye.blogspot.com	0
667	thepeach.blogspot.com	0
668	thepoorman.net	0
669	theradiomansays.blogspot.com	0
670	therogueangel.com/blog	0
671	therustybarrel.com/david/blog	0
672	thesiliconmind.blogspot.com	0
673	thesnooter.blogspot.com	0
674	thetalentshow.org	0
675	thetalkingdog.com	0
676	thewashingtonnote.com	0
677	thewilson.blogspot.com	0
678	theworldaroundyou.com	0
679	thewritewing.blogspot.com	0
680	theyetimn.blogspot.com	0
681	thingsasitis.net	0
682	think2004.com	0
683	thinkingrocks.blogspot.com	0
684	thirdredeye.blogspot.com	0
685	thislousytshirt.net	0
686	thismodernworld.com	0
687	thomasblog.typepad.com/bloggg	0
688	thunewatch.squarespace.com	0
689	tinylittledots.com	0
690	tobyemden.blogspot.com	0
691	tom_thinks.blogspot.com	0
692	tomburka.com	0
693	tomcoburnisabigfatjerk.blogspot.com	0
694	tomdaschle.com/tom/index.php?id=34	0
695	tomherod.blogspot.com	0
696	tonyknowles.com/blog.html	0
697	topviewnews.com/blog	0
698	toteota.blogspot.com	0
699	trainorphans.org	0
700	translucence.org	0
701	travalex.blogspot.com	0
702	tristero.blogspot.com	0
703	trueconservative.typepad.com	0
704	truedemocrat.blogspot.com	0
705	truthbenotproud.blogspot.com	0
706	tuibguy.messagemonster.com	0
707	turnpikefeminist.com	0
708	turnspit.com	0
709	uberddue.blogspot.com	0
710	uberdude.blogspot.com	0
711	uggabugga.blogspot.com	0
712	unodemocrats.com/blog	0
713	upper-left.blogspot.com	0
714	urbandemocracy.blogspot.com	0
715	urbanecoinc.com/wordpress1	0
716	usademocrazy.blogspot.com	0
717	usliberals.about.com	0
718	uwaythinks.blogspot.com	0
719	vernsblog.thegillfamily.us:8180	0
720	virginiaprogressive.blogspot.com	0
721	vocis.com/frank	0
722	votekerryedwards2004.blogspot.com	0
723	votervirginblog.blogspot.com	0
724	waitingfordorothy.blogspot.com	0
725	wampum.wabanaki.net	0
726	warandpiece.com	0
727	warriorsblog.blogspot.com	0
728	washingtonmonthly.com	0
729	watchingthewatchers.org	0
730	waveflux.net	0
731	weblogs.bakshi.us/redskunk	0
732	werenotallincompetent.blogspot.com	0
733	whirlingbuffalo.com/creative-spirits.htm	0
734	whopundit.blogspot.com	0
735	whoviating.blogspot.com	0
736	whyareweback.blogspot.com	0
737	winnegar.blog-city.com	0
738	winthewest.blogspot.com	0
739	woneffe.typepad.com	0
740	wonkette.com	0
741	workingpapers.blogspot.com	0
742	worldonfire.typepad.com/world_on_fire	0
743	wpblog.ohpinion.com	0
744	wsrblood.typepad.com/wiserblog	0
745	wtf.mindsay.com	0
746	wtpm.blogspot.com	0
747	wynterstoner.blogspot.com	0
748	x-pollen.com/many/blog.html	0
749	xanga.com/allegrad	0
750	xanga.com/home.aspx?user=phknrocket1k	0
751	xanga.com/kerry4president	0
752	xianleft.blogspot.com	0
753	xnerg.blogspot.com	0
754	yarsrevenge.blogspot.com	0
755	yglesias.typepad.com/matthew	0
756	yoder.ru	0
757	younglibs.com	0
758	84rules.blog-city.com	1
759	a100wwe.blogspot.com	1
760	absurd-canadian.blogspot.com	1
761	ace.mu.nu	1
762	aceoftrumpblog.blogspot.com	1
763	acepilots.com/mt	1
764	acertainslantoflight.blogspot.com	1
765	achicknamedmarzi.com	1
766	activistchat.com/blogiran	1
767	adeimantus.blogspot.com	1
768	adonai.cc	1
769	airjun.blogspot.com	1
770	alamodispatches.blogspot.com	1
771	alamonation.blogspot.com	1
772	alarmingnews.com	1
773	aldaron.modblog.com	1
774	aldaynet.org	1
775	alexpelan.blogspot.com	1
776	alittlemoretotheright.com	1
777	all-encompassingly.com	1
778	allahpundit.com	1
779	allthingsmark.com	1
780	alphapatriot.com	1
781	althouse.blogspot.com	1
782	americaindenial.com/?q=node/feed	1
783	americanchronicle.blogspot.com	1
784	americancommentator.blogs.com/the_american_commentator_	1
785	americandigest.org	1
786	americandinosaur.blogspot.com	1
787	americanfuture.typepad.com	1
788	americanjihad.blogspot.com	1
789	americankernel.com	1
790	americanreport.blogspot.com	1
791	americanthinker.com	1
792	americanwarmonger.blogspot.com	1
793	americanworldview.tripod.com/weltansblog	1
794	americasteen.tk	1
795	amigo13.blogspot.com	1
796	amradio.blogspot.com	1
797	andrewsullivan.com	1
798	andrightlyso.blogspot.com	1
799	angrychineseblogger.blog-city.com	1
800	angrygwn.blogspot.com	1
801	anncoulter.org	1
802	annika.mu.nu	1
803	anothervrwc.blogspot.com	1
804	antijohnkerry.blogspot.com	1
805	antiprotester.blogspot.com	1
806	apologiesdemanded.blogspot.com	1
807	arkanssouri.blogspot.com	1
808	armchairgeneralist.typepad.com	1
809	asmallvictory.net	1
810	asmodeus-space.com/weblog/blog/index.php	1
811	astrosoup.blogspot.com	1
812	athena.blogs.com	1
813	awideawake.blogspot.com	1
814	ayerdis.com/rants.php	1
815	babytrollblog.com	1
816	baldilocks.typepad.com	1
817	balloon-juice.com	1
818	bamapachyderm.blogspot.com	1
819	batr.net	1
820	batr.org/commentary.html	1
821	beautifulatrocities.com	1
822	beefalwayswins.blogspot.com	1
823	beldar.blogs.com/beldarblog	1
824	bellusbellum.info	1
825	belmontclub.blogspot.com	1
826	bensgtusmc.com	1
827	bensworld.patriotforum.org	1
828	bernardmoon.blogspot.com	1
829	betsyspage.blogspot.com	1
830	bidinotto.journalspace.com	1
831	bigenchilada.org	1
832	bigfatroid.blogspot.com	1
833	bigjourney.blogspot.com	1
834	billhobbs.com	1
835	billrice.org	1
836	billroggio.com/easongate	1
837	bitheads.blogspot.com	1
838	bittersweetme.net/blog/index.php	1
839	bkennelly.com/vox	1
840	blackmanforbush.blogspot.com	1
841	blindmindseye.com	1
842	blithered.blogspot.com	1
843	blog.iainlindley.com	1
844	blog.mytechaid.com	1
845	blog.nam.org	1
846	blog.ncsweb.us	1
847	blog.so-amazing.net	1
848	blog.willrobinson47.com	1
849	bloghogger.blogspot.com	1
850	blogicus.com	1
851	blogodob.blogspot.com	1
852	blogs.blogosphere.ca/brock	1
853	blogsagainsthillary.com	1
854	blogsforbush.com	1
855	blogsofwar.com	1
856	blogspirator.blogspot.com	1
857	blubberhollow.com/blog	1
858	blue6golf.blogspot.com	1
859	bluegoldfish.blogs.com/surface	1
860	bluestates.blogspot.com	1
861	bobhayes.net	1
862	boottotheskull.com	1
863	borgardblog.blogspot.com	1
864	brainshavings.com	1
865	brendonsspiderhole.blogspot.com	1
866	brianlarry.com	1
867	brianscott.blogspot.com	1
868	brutallyhonest.org	1
869	buckeyepundit.blogspot.com	1
870	bullmooserepublicans.com/blog	1
871	bushblog.us	1
872	c-pol.blogspot.com	1
873	californiaconservatives4truth.blogspot.com	1
874	calirep.blogspot.com	1
875	calpoly.edu/~doleary/blog.htm	1
876	campaignofone.org/blog/index.asp	1
877	captainsquartersblog.com/mt	1
878	catscape.com	1
879	cayankee.blogs.com	1
880	cbcbcbcb.blogspot.com	1
881	ccs178.com	1
882	cdharris.net	1
883	cecile.squarespace.com	1
884	celluloid-wisdom.com/pw	1
885	celluloid-wisdom.com/pw/	1
886	centinel.blogspot.com	1
887	chadster.capitalfocus.org	1
888	chainik_hocker.blogspot.com	1
889	charlesking.blogspot.com	1
890	chiefsblog.blogspot.com	1
891	chrenkoff.blogspot.com	1
892	christian-patriot.blogspot.com	1
893	civilcommotion.com	1
894	claycalhoun.com	1
895	claytoncorner.blogspot.com	1
896	clubforgrowth.org/blog	1
897	cmillertime.blogspot.com	1
898	coffee.ondragonswing.com	1
899	commonsenserunswild.typepad.com	1
900	confederateyankee.blogspot.com	1
901	conpro.blogspot.com	1
902	conservativeblogger.com	1
903	conservativecat.com	1
904	conservativecitizen.blogspot.com	1
905	conservativedhc.blogspot.com	1
906	conservativedialysis.com	1
907	conservativeeyes.blogspot.com	1
908	conservativelife.com/blog	1
909	conservativenation.us	1
910	conservativeobserver.blogspot.com	1
911	conservativepolitics.blogspot.com	1
912	conservativepunk.com	1
913	conservativepush.blogspot.com	1
914	conservativeresponse.com	1
915	conservativerevolution.com	1
916	conservativevor.blogdrive.com	1
917	conservativezone.blogspot.com	1
918	coxandforkum.com	1
919	cptnwinky.com	1
920	crankybastard.blogspot.com	1
921	crankyneocon.com/crankyneocon	1
922	criticalbill.blogspot.com	1
923	cruelkev.blogspot.com	1
924	cubanstories.blogspot.com	1
925	cybermenace.blogspot.com	1
926	cynicalnation.com	1
927	cynscorion.com/v-web/b2/index.php	1
928	d-42.com	1
929	daddypundit.blogspot.com	1
930	dadougster.blogspot.com	1
931	dailypundit.com	1
932	dailyrecycler.com/blog	1
933	daisycutter.blogspot.com	1
934	dalythoughts.com	1
935	danieldrezner.com/blog	1
936	danzfamily.com	1
937	dartblog.com	1
938	datingrepublicans.com	1
939	deadcantrant.com/blog	1
940	deanesmay.com	1
941	deansjournal.blogspot.com	1
942	decision08.blogspot.com	1
943	denbeste.nu	1
944	depressedlonelybored.typepad.com	1
945	deserttusk.blogspot.com	1
946	devildawg.blogspot.com	1
947	dgci.blog-city.com	1
948	dgci.net	1
949	diggersrealm.com/mt	1
950	dilusionl.blogspot.com	1
951	diplomadic.blogspot.com	1
952	discerningtexan.blogspot.com	1
953	discountblogger.com	1
954	disintegrator.blogspot.com	1
955	dissectleft.blogspot.com	1
956	dividedloyalties.net	1
957	dizzy-girl.net/index.php	1
958	dmobley.blogspot.com	1
959	dogwooddreams.com/serendipity	1
960	donaldsensing.com	1
961	downtownlad.blogspot.com	1
962	drudgereport.com	1
963	drumwaster.com	1
964	drunkensamurai.blogspot.com	1
965	dummocrats.com	1
966	dynamist.com/weblog	1
967	economicswithaface.com/weblog	1
968	edmondthehun.blogspot.com	1
969	eeg3.com	1
970	ejectejecteject.com	1
971	electionprojection.com	1
972	electricvenom.com	1
973	elevendayempire.com/movabletype	1
974	emilythedog.blogspot.com	1
975	epubguy.blogs.com/epubguy	1
976	erickohn.com	1
977	erikack.blogspot.com	1
978	etalkinghead.com	1
979	evangelicaloutpost.com	1
980	everythingiknowiswrong.com	1
981	evilpundit.com	1
982	fearfulsymmetry.blogspot.com	1
983	firstdownpolitics.com	1
984	flyinspacemonkey.mu.nu	1
985	fooswah.com	1
986	franklog.com	1
987	fraterslibertas.com	1
988	freedomofthought.com	1
989	freerepublic.com	1
990	fringeblog.com	1
991	fritzs-thoughts.blogspot.com	1
992	gaypatriot.blogspot.com	1
993	gccpundit.blogspot.com	1
994	gcruse.typepad.com	1
995	georgewbush.com	1
996	georgewbush.com/blog	1
997	gerberatetra.blogspot.com	1
998	getdexview.barrennorth.com	1
999	gevkaffeegal.typepad.com/the_alliance	1
1000	ghostofaflea.com	1
1001	gillaand.blogspot.com	1
1002	gindy.blogspot.com	1
1003	gmscorner.blogspot.com	1
1004	godubya.com	1
1005	gopandcollege.blogspot.com	1
1006	gopandthecity.blogspot.com	1
1007	gopbloggers.org	1
1008	gopinsight.com	1
1009	gotdesign.blogspot.com	1
1010	gracefotography.com/graceblog/index.php	1
1011	grantb88.com	1
1012	greatestjeneration.com	1
1013	grownups.blogspot.com	1
1014	gullyborg.typepad.com	1
1015	gwbblows.blogspot.com	1
1016	happyhomeschooler.blog-city.com	1
1017	hasidicgentile.org	1
1018	hathaby.net/weblog.php	1
1019	headland.blogspot.com	1
1020	healingiraq.blogspot.com	1
1021	heathenfolk.warblogs.com/blog	1
1022	heavylifting.blogspot.com	1
1023	hectorvex.blogspot.com	1
1024	henerd.com	1
1025	hiddennook.blogspot.com	1
1026	hijkselur.blogspot.com	1
1027	hillcountryviews.blogspot.com	1
1028	hipublican.com	1
1029	hobsonschoice.us	1
1030	holecard.blogspot.com	1
1031	home.earthlink.net/~goodnoughp/index.html	1
1032	home.earthlink.net/~jasider	1
1033	home.earthlink.net/~techservant	1
1034	home.earthlink.net/~ur_blog	1
1035	home.midsouth.rr.com/joefish	1
1036	homespunbloggers.blogspot.com	1
1037	homicidalmaniak.com	1
1038	hoosierparliament.com	1
1039	horologium.net	1
1040	hughhewitt.com	1
1041	iamaugustus.blogspot.com	1
1042	ideastockexchange.com/essays/laubs-mike-interest-politics-web-log.htm	1
1043	ikilledcheguevara.blogspot.com	1
1044	imao.us	1
1045	imprescindibile.ilcannocchiale.it	1
1046	incite1.blogspot.com	1
1047	indcjournal.com	1
1048	indepundit.com	1
1049	inmyrightmind.com	1
1050	instapundit.com	1
1051	interested-participant.blogspot.com	1
1052	inthebullpen.com	1
1053	iowageek.blogspot.com	1
1054	iraqthemodel.blogspot.com	1
1055	isaacspolitics.blogspot.com	1
1056	isdl.blogspot.com	1
1057	isdl.weblogs.us	1
1058	itsafterglow.blogspot.com	1
1059	itscomedowntothis.blogspot.com	1
1060	itznewstome.blogspot.com	1
1061	jacklewis.net	1
1062	janegalt.net	1
1063	jchristopherfeng.com	1
1064	jeffblanco.blogdrive.com	1
1065	jenjuskhan.blogspot.com	1
1066	jewishworldreview.com	1
1067	jg-spot.blogspot.com	1
1068	jihadwatch.org	1
1069	jlynnsmith30.blogspot.com	1
1070	joatmoaf.typepad.com/i_love_jet_noise	1
1071	joepublicus.blogspot.com	1
1072	johngalt.us	1
1073	johnkerrymustlose.com	1
1074	johnnbrown.blogspot.com	1
1075	jokerstotheright.blogspot.com	1
1076	joshferguson.blogspot.com	1
1077	journals.aol.com/lily990016/pissoffliberals	1
1078	journals.aol.com/mark24609/myblog	1
1079	jperspective.com	1
1080	jquinton.com	1
1081	jrogg.blogspot.com	1
1082	juntoboys.blogspot.com	1
1083	justalkin.us	1
1084	kalblog.com	1
1085	kausfiles.com	1
1086	keithy1028.bravejournal.com	1
1087	kellipundit.blogspot.com	1
1088	kenshepherd.blogspot.com	1
1089	kevincourser.blogspot.com	1
1090	kimdutoit.com/dr/weblog.php	1
1091	king-of-fools.com	1
1092	kitchennetwork.blogspot.com	1
1093	kushreport.com	1
1094	la4israel.org/wordpress	1
1095	ladymac.com	1
1096	lahargis.blogspot.com	1
1097	lancehaun.com	1
1098	larsonreport.com	1
1099	lashawnbarber.blogspot.com	1
1100	lashawnbarber.com	1
1101	laughatliberals.com	1
1102	laughingwolf.net	1
1103	lawguy.blogspot.com	1
1104	valuerightnews.blogspot.com	1
1105	leftcoastconservative.blogspot.com	1
1106	leftnuts.com/runcms/modules/news	1
1107	legendgames.net/myblog.asp	1
1108	libertarianjackass.blogspot.com	1
1109	life.laptoplobbyist.com	1
1110	literatevalues.org/virtue.htm	1
1111	littlegreenfootballs.com/weblog	1
1112	littlegreenfootballs.com/weblog/weblog.php	1
1113	littletinylies.com	1
1114	livejournal.com/users/bambenek	1
1115	livinginbabylon.blogspot.com	1
1116	lonewacko.com	1
1117	longdukdong44.blogspot.com	1
1118	loosecoin.blogspot.com	1
1119	louisville.edu/~bebusc02/blog/notarobot.html	1
1120	lt-smash.us	1
1121	lucianne.com	1
1122	luxeword.com	1
1123	madanthony.org	1
1124	made4theinternet.blogspot.com	1
1125	madtechspeaks.blogspot.com	1
1126	magnificentfreedom.us	1
1127	manifestcontent.net	1
1128	mantic.squarespace.com	1
1129	mariestwocents.blogspot.com	1
1130	markheimonen.blogspot.com	1
1131	markmeador.blogspot.com	1
1132	marknicodemo.blogspot.com	1
1133	marksteyn.com	1
1134	martinipundit.com	1
1135	martydee.com/poligov	1
1136	marylandpolitics.blogspot.com	1
1137	masononline.biz	1
1138	matthewstinson.com/blog	1
1139	mattresspolice.com	1
1140	maybeithinktoomuch.com	1
1141	mc256.blogspot.com	1
1142	mcpheet.com	1
1143	mdcbowen.org/cobb	1
1144	meckz.net	1
1145	mementomoron.blogspot.com	1
1146	mercreport.blogspot.com	1
1147	messopotamian.blogspot.com	1
1148	metallicity.com/mb.asp	1
1149	mhking.mu.nu	1
1150	michaelsavagelistener.blog-city.com	1
1151	michaeltotten.com	1
1152	michellemalkin.com	1
1153	midwestrightwingers.blogspot.com	1
1154	mikesamerica.blogspot.com	1
1155	millers_time.typepad.com	1
1156	mindspring.com/~gsb3/blogger.html	1
1157	mobile.blogcastlive.com	1
1158	moorewatch.com	1
1159	mostlycajun.com	1
1160	motgs.com	1
1161	mtvirtus.blogspot.com	1
1162	mudandphud.blogspot.com	1
1163	mudvillegazette.com	1
1164	musicfromthebluelight.com/b	1
1165	mwilliams.info	1
1166	my2cent.blogspot.com	1
1167	myaisling.blogspot.com	1
1168	mycatharsis.com	1
1169	mydamascusroad.blogspot.com	1
1170	myechochamber.blogspot.com	1
1171	mypetjawa.mu.nu	1
1172	myworldview034.blogspot.com	1
1173	nakedrepublic.com	1
1174	nashvilletruth.blogspot.com	1
1175	nationalbird.net	1
1176	nationalcenter.org/blog.html	1
1177	nationalnewsregister.com/modules/wordpress	1
1178	nationalreview.com/thecorner	1
1179	nationalreview.com/thecorner/corner.asp	1
1180	nelslindahl.net	1
1181	neoconservatives.blogspot.com	1
1182	neoconswatch.blogspot.com	1
1183	neonbrainiac.nu/mt/blog	1
1184	nerepublican.blogspot.com	1
1185	neverwrongnever.blogspot.com	1
1186	newcounterculture.com/log	1
1187	newsbloggers.blogspot.com	1
1188	newsjungle.blogspot.com	1
1189	newsnik.com	1
1190	nicedoggie.net	1
1191	nickiegoomba.blogspot.com	1
1192	nicoladellarciprete.blogs.com	1
1193	noguru.tblog.com	1
1194	nomayo.mu.nu	1
1195	nonboxthinking.blogspot.com	1
1196	nykola.com	1
1197	o4tom.blogspot.com	1
1198	officesmileman.com	1
1199	ofthemind.blogspot.com	1
1200	ogresview.blogspot.com	1
1201	okieonthelam.com	1
1202	oldfashionedwhippersnapper.blogspot.com	1
1203	onthewire.blogspot.com	1
1204	opiniontimes.blogspot.com	1
1205	opiniontimes.com	1
1206	oppb.com	1
1207	orthogonian.blogspot.com	1
1208	outsidethebeltway.com	1
1209	pajamaeditors.blogspot.com	1
1210	pajamahadin.com	1
1211	pajamajournalist.blogspot.com	1
1212	palominas.blogspot.com	1
1213	papadoc.net/pinkflamingobar.html	1
1214	pardonmyenglish.com	1
1215	patrickmcclarty.blogspot.com	1
1216	patrickruffini.com	1
1217	patriot-paradox.com	1
1218	patriotblog.com	1
1219	patriotism101.blogspot.com	1
1220	patriotsforbush.com	1
1221	patterico.com	1
1222	pejmanesque.com	1
1223	pennsylvanianinexile.blogspot.com	1
1224	perryvsworld.blogspot.com	1
1225	philomathean.blogs.com	1
1226	piano-tuning.net/blog	1
1227	planetsuz.blogspot.com	1
1228	poeticvalues.blogspot.com	1
1229	polialaska.blogspot.com	1
1230	poliblogger.com	1
1231	polipundit.com	1
1232	politicalanimals.blogspot.com	1
1233	politicaldogs.org	1
1234	politicalhyperbole.blogspot.com	1
1235	politicalmusings.net	1
1236	politicalpie.modblog.com	1
1237	politicaltracker.com	1
1238	politicaltracker.com/blog/weblog.php	1
1239	politicalvicesquad.blogspot.com	1
1240	poorandwhite.blogspot.com	1
1241	poorjustin.blogspot.com	1
1242	poptext.blogspot.com	1
1243	poweragerambleson.blogspot.com	1
1244	powerlineblog.com	1
1245	powerpundit.com	1
1246	powervacuum.org	1
1247	prayforbush.blogspot.com	1
1248	presidentreagan.info/discussion	1
1249	professorbainbridge.com	1
1250	prolifeblogs.com	1
1251	propagandamachine.blogspot.com	1
1252	prosandcons.us	1
1253	punditguy.com	1
1254	punditz.journalspace.com	1
1255	qoae.net	1
1256	quante.blogspot.com	1
1257	quibbles-n-bits.com	1
1258	quimundus.modblog.com	1
1259	quimundus.squarespace.com	1
1260	r21online.com	1
1261	r2korn.blogdrive.com	1
1262	rabner.blogspot.com	1
1263	radioequalizer.blogspot.com	1
1264	raincrossblog.com	1
1265	randomjottings.net	1
1266	rant.st	1
1267	ratherbiased.com/news	1
1268	rathergate.com	1
1269	realclearpolitics.com	1
1270	realordeal.blogspot.com	1
1271	rebelrouser.net/v-web/b2/index.php	1
1272	rebrand-democrat.txfx.net	1
1273	reckersau.blogspot.com	1
1274	redmindbluestate.blogspot.com	1
1275	rednyc.blogspot.com	1
1276	redstate.org	1
1277	redstatealliance.blogspot.com	1
1278	reggiescorner.blogspot.com	1
1279	regimechangeiran.com	1
1280	renpro.kwcom.net	1
1281	reporterette.com	1
1282	republicanpower.blogspot.com	1
1283	republicanresearchcouncil.blogspot.com	1
1284	republitarian.org	1
1285	republog.net	1
1286	respublica2004.blogspot.com	1
1287	retiredwarrant.blogdrive.com	1
1288	revone.net/jarhead	1
1289	rfburnhertz.net/rf_blog	1
1290	richmar.blogspot.com	1
1291	right-magazine.com/blog	1
1292	right-thinking.com	1
1293	rightcrusade.blogspot.com	1
1294	rightmoment.blogspot.com	1
1295	rightonred.net	1
1296	rightperspective.net	1
1297	rightrainbow.com	1
1298	rightreadingroom.com/index.php	1
1299	rightstate.blogspot.com	1
1300	rightvoices.com	1
1301	rightwingbastardo.blogspot.com	1
1302	rightwingbob.com	1
1303	rightwingdude.squarespace.com	1
1304	rightwingjournal.blogspot.com	1
1305	rightwingnews.com	1
1306	rightwingthinking.blogspot.com	1
1307	rightwingtroll.blogspot.com	1
1308	rightword.blogspot.com	1
1309	riteturnonly.blogspot.com	1
1310	rmcdaniel.blogspot.com	1
1311	rncnyc2004.blogspot.com	1
1312	robbernard.com	1
1313	robertp17.blogspot.com	1
1314	rockpaperscissor.blogspot.com	1
1315	rockpaperscissors.blogs.com	1
1316	rogerlsimon.com	1
1317	romeocat.typepad.com	1
1318	ron-james.com/blog	1
1319	rosenblog.com	1
1320	roseoftheknights.com/yank/pride.html	1
1321	roughstock.blogspot.com	1
1322	ryanshead.com	1
1323	salestaxusa.com	1
1324	samizdata.net/blog	1
1325	sarcasticsoutherner.blogspot.com	1
1326	sarebabe.blogdrive.com	1
1327	sayanythingblog.com	1
1328	scha-den-freu-de.blogspot.com	1
1329	scrappleface.com	1
1330	scrawlville.com	1
1331	sebourn.com/weblog	1
1332	section-31.blogspot.com	1
1333	secureliberty.org/	1
1334	sedenteanimo.com	1
1335	selfish-souls.com/blog	1
1336	sgtstryker.com	1
1337	shadydowns.blogspot.com	1
1338	shakingspears.blogspot.com	1
1339	shallows.blogspot.com	1
1340	sharpeblog.cybercatholics.com	1
1341	shortfatcorporal.blogspot.com	1
1342	sickofliberals.blogspot.com	1
1343	sinfactor.blogspot.com	1
1344	sistertoldjah.com	1
1345	sixmeatbuffet.com	1
1346	skinmeister.name	1
1347	slantpoint.com	1
1348	slingsnarrows.erudite-absurdity.com	1
1349	slipofthepen.blogspot.com	1
1350	slowplay.com	1
1351	slublog.blogspot.com	1
1352	smarthomeschool.com	1
1353	smashingzero.blogspot.com	1
1354	smellyduck.blogspot.com	1
1355	sneakeasysjoint.com	1
1356	sondrak.com	1
1357	sonsoftherepublic.com	1
1358	soundingthetrumpet.blogspot.com	1
1359	southernappeal.blogspot.com	1
1360	southernrightwingextremist.blogspot.com	1
1361	southernwatch.blogspot.com	1
1362	speculativepolitics.blogspot.com	1
1363	spreadingunderstanding.blogspot.com	1
1364	spydrzweb.blogspot.com	1
1365	squiggler.braveblog.com	1
1366	stan-istan.blogspot.com	1
1367	stealthebandwagon.blogspot.com	1
1368	stillmanvalley.org/aoo	1
1369	stinkbait.blogspot.com	1
1370	stix1972.blogspot.com	1
1371	stmonk.blogspot.com	1
1372	stolenthunder.blogspot.com	1
1373	strategicintelligence.blogspot.com	1
1374	streetlog.typepad.com	1
1375	sulliwatch.blogspot.com	1
1376	summation.net	1
1377	sweetgrrrl.blogspot.com	1
1378	swfwithattitude.blogspot.com	1
1379	swiftreport.blogs.com	1
1380	tagorda.com	1
1381	talesofawanderingmind.blogspot.com	1
1382	talkshowamerica.blogspot.com	1
1383	techievampire.net/wppol	1
1384	techtrend.com/blog/taranicole	1
1385	tedlinczak.com	1
1386	templeofjennifer.com/blog	1
1387	tepid-observer.blogspot.com	1
1388	texasbug.blogspot.com	1
1389	thatliberalmedia.com	1
1390	the-torch.com	1
1391	theamericanmind.com	1
1392	thebloghill.blogspot.com	1
1393	thecommonvirtue.com	1
1394	theconservativezone.com	1
1395	thecrankfiles.blogspot.com	1
1396	thedailygoodnews.com	1
1397	thedispatch.blogspot.com	1
1398	thedonovan.com	1
1399	thedumbdemocrat.blogspot.com	1
1400	theglitteringeye.com	1
1401	thejessefactor.blogspot.com	1
1402	thelastword.blogdrive.com	1
1403	theliberalslies.blogspot.com	1
1404	themeofabsence.com	1
1405	theneo-progressive.blogspot.com	1
1406	thenudnikfile.blogspot.com	1
1407	thepatriette.com	1
1408	thepaytons.org/essays/considerettes	1
1409	thepoliticalanimal.com	1
1410	thepoliticalteen.net	1
1411	therightblog.blogspot.com	1
1412	therightcoast.blogspot.com	1
1413	therightwingconspiracy.org	1
1414	therinsecycle.com	1
1415	therostra.blogspot.com	1
1416	thesakeofargument.com	1
1417	thespoonsexperience.com	1
1418	thetarpit.blogspot.com	1
1419	thetemplarpundit.blogspot.com	1
1420	theunderscore.blogspot.com	1
1421	theurbangrind.blogspot.com	1
1422	thevaticanofliberalism.com	1
1423	thinkingright.blogspot.com	1
1424	thinkingright.us	1
1425	thisliberal.com	1
1426	thomasgalvin.blogspot.com	1
1427	thomaswharry.com	1
1428	timblair.net	1
1429	timblair.spleenville.com	1
1430	tokenyoungconservative.blogspot.com	1
1431	tom-hanna.org	1
1432	toneofvoice.blogspot.com	1
1433	totels.com/bush04	1
1434	townhall.com/clog	1
1435	truebluegal.blogspot.com	1
1436	truthlaidbear.com	1
1437	truthliesandcommonsense.blogspot.com	1
1438	truthprobe.blogspot.com	1
1439	tseytlin.blogspot.com	1
1440	tsrightdominion.blogspot.com	1
1441	tuckereskew.typepad.com	1
1442	tweetpetite.blogspot.com	1
1443	twentyfirstcenturyrepublican.blogspot.com	1
1444	txfx.net	1
1445	unconventionalwisdom.typepad.com	1
1446	undercaffeinated.com	1
1447	underscorebleach.net/content/jotsheet	1
1448	unfetteredmusings.blogspot.com	1
1449	unusualhabits.blogspot.com	1
1450	usdlaw.blogspot.com	1
1451	vandyconservative.blogspot.com	1
1452	vapolitics.info	1
1453	variousorthodoxies.com	1
1454	victorhanson.com	1
1455	viewfromaheight.blogspot.com	1
1456	viewfromtonka.blogspot.com	1
1457	viewpointjournal.com	1
1458	vikingpundit.blogspot.com	1
1459	virginiapolitics.blogspot.com	1
1460	vodkapundit.com	1
1461	voiceofthewebb.blogspot.com	1
1462	volokh.com	1
1463	vondollens.us	1
1464	vote4georgew.blogspot.com	1
1465	wanderingmind.blog-city.com	1
1466	warriorscreed00k3.com	1
1467	watchandwait.blogspot.com	1
1468	watdanook.blogspot.com	1
1469	web.utk.edu/~agroves	1
1470	wehavesomeplanes.blogspot.com	1
1471	whatsakyer.blogspot.com	1
1472	wholewheatblogger.com	1
1473	wildweasel.blog-city.com	1
1474	williamwebbdotorg.blogspot.com	1
1475	winceandnod.blogspot.com	1
1476	windingroad.typepad.com	1
1477	windsofchange.net	1
1478	wizbangblog.com	1
1479	wrighthot.com	1
1480	writehouse.us	1
1481	writingcompany.blogs.com/this_isnt_writing_its_typ	1
1482	xanga.com/eugene3	1
1483	xanga.com/lockjawtheogre	1
1484	xtremerightwing.net	1
1485	youngconservative.blogspot.com	1
1486	zebrax.blogs.com	1
1487	zeke01.blogspot.com	1
1488	zeke01.typepad.com	1
1489	zeph1z.tripod.com/blog	1
